1. Find all the robots from Star Wars.

intro_to_sql=# SELECT * FROM robots WHERE source='Star Wars';

C3PO
R2D2
(2 rows)

2. Find the robot with an "anxious" personality.
intro_to_sql=# SELECT name FROM robots WHERE personality='anxious';
C3PO
(1 row)

3. Find all recipes that are nut free.
intro_to_sql=# SELECT name FROM recipes WHERE nut_free='t';
                   name
-------------------------------------------
 Butternut Squash Bake
 Vegetarian Bibimbap
 French Veggie Loaf
 Quinoa and Black Beans
 Juicy Roasted Chicken
 Garlic Green Beans
 Stout Slow Cooker Corned Beef and Veggies
(7 rows)


4. Count the number of recipes that are gluten free but not vegetarian.
intro_to_sql=# SELECT COUNT(gluten_free) FROM recipes WHERE vegetarian='f';
 count
-------
     2
(1 row)


5. Find the animal with the most legs.
intro_to_sql=# SELECT MAX(number_of_legs) FROM animals;
 max
-----
   8
(1 row)

intro_to_sql=# SELECT name FROM animals WHERE number_of_legs=8;
  name
---------
 octopus
(1 row)


6. Find the board game that takes the least amount of time to play.
intro_to_sql=# SELECT MAX(mins_to_play) from board_games;
 max
-----
 240
(1 row)

intro_to_sql=# SELECT name FROM board_games WHERE mins_to_play=240;
     name
---------------
 Arkham Horror
(1 row)


7. Find the recipe that takes the most time to prepare.
intro_to_sql=# SELECT MAX(minutes_required) FROM recipes;
 max
-----
 390
(1 row)

Stout Slow Cooker Corned Beef and Veggies
(1 row)

8. Find all the robots whose name starts with the letter M.
intro_to_sql=# SELECT name FROM robots WHERE name LIKE 'M%';
      name
----------------
 Marvin
 Mr. Butlertron
(2 rows)


Count the number of board games that can be played by 8 people.
intro_to_sql=# SELECT COUNT(name) FROM board_games WHERE max_players=8;
 count
-------
     1
(1 row)


Find all animals that are swimming and egg-laying.
intro_to_sql=# SELECT name FROM animals WHERE swimming='t' AND egg_laying='t';
  name
---------
 octopus
 duck
(2 rows)


Find all animals that are swimming and egg-laying but not flying.
intro_to_sql=# SELECT name FROM animals WHERE swimming='t' AND egg_laying='t' AND flying='f';
  name
---------
 octopus
(1 row)


Find the board game that supports the largest number of people.
intro_to_sql=# SELECT MAX(max_players) FROM board_games;
 max
-----
  30
(1 row)

intro_to_sql=# SELECT name FROM board_games WHERE max_players=30;
          name
------------------------
 Cards Against Humanity
(1 row)
